Unit,Total Cost of Sales,Gross Profit,Categorical
00040302CD88,33448.625,77875.66666666667,1
00040302CE36,62354.833333333336,168642.75,2
00040302CF03,41093.958333333336,110230.25,3
00040302CF28,52398.125,131080.29166666666,1
00040302D006,18120.833333333332,47248.291666666664,2
00040302D014,65493.125,188806.75,3
0004030A635E,134110.875,380002.25,1
0004030B92EE,87777.16666666667,236223.91666666666,2
0004030BEB57,104943.83333333333,289412.5,3
